frame_id,source_sample_index,composed_manifest_path,xml_path
0,0,/home/telilab4090/Documents/Gazebo World/my_world/rt_out/experiments/semantic_ablation_rigid_200f/frames/composed_manifests/frame_000/composed_frame_000_manifest.json,/home/telilab4090/Documents/Gazebo World/my_world/rt_out/experiments/semantic_ablation_rigid_200f/sionna_xml/frame_000_sionna.xml
1,257,/home/telilab4090/Documents/Gazebo World/my_world/rt_out/experiments/semantic_ablation_rigid_200f/frames/composed_manifests/frame_001/composed_frame_001_manifest.json,/home/telilab4090/Documents/Gazebo World/my_world/rt_out/experiments/semantic_ablation_rigid_200f/sionna_xml/frame_001_sionna.xml
2,514,/home/telilab4090/Documents/Gazebo World/my_world/rt_out/experiments/semantic_ablation_rigid_200f/frames/composed_manifests/frame_002/composed_frame_002_manifest.json,/home/telilab4090/Documents/Gazebo World/my_world/rt_out/experiments/semantic_ablation_rigid_200f/sionna_xml/frame_002_sionna.xml
3,771,/home/telilab4090/Documents/Gazebo World/my_world/rt_out/experiments/semantic_ablation_rigid_200f/frames/composed_manifests/frame_003/composed_frame_003_manifest.json,/home/telilab4090/Documents/Gazebo World/my_world/rt_out/experiments/semantic_ablation_rigid_200f/sionna_xml/frame_003_sionna.xml
4,1028,/home/telilab4090/Documents/Gazebo World/my_world/rt_out/experiments/semantic_ablation_rigid_200f/frames/composed_manifests/frame_004/composed_frame_004_manifest.json,/home/telilab4090/Documents/Gazebo World/my_world/rt_out/experiments/semantic_ablation_rigid_200f/sionna_xml/frame_004_sionna.xml
5,1285,/home/telilab4090/Documents/Gazebo World/my_world/rt_out/experiments/semantic_ablation_rigid_200f/frames/composed_manifests/frame_005/composed_frame_005_manifest.json,/home/telilab4090/Documents/Gazebo World/my_world/rt_out/experiments/semantic_ablation_rigid_200f/sionna_xml/frame_005_sionna.xml
6,1542,/home/telilab4090/Documents/Gazebo World/my_world/rt_out/experiments/semantic_ablation_rigid_200f/frames/composed_manifests/frame_006/composed_frame_006_manifest.json,/home/telilab4090/Documents/Gazebo World/my_world/rt_out/experiments/semantic_ablation_rigid_200f/sionna_xml/frame_006_sionna.xml
7,1799,/home/telilab4090/Documents/Gazebo World/my_world/rt_out/experiments/semantic_ablation_rigid_200f/frames/composed_manifests/frame_007/composed_frame_007_manifest.json,/home/telilab4090/Documents/Gazebo World/my_world/rt_out/experiments/semantic_ablation_rigid_200f/sionna_xml/frame_007_sionna.xml
8,2056,/home/telilab4090/Documents/Gazebo World/my_world/rt_out/experiments/semantic_ablation_rigid_200f/frames/composed_manifests/frame_008/composed_frame_008_manifest.json,/home/telilab4090/Documents/Gazebo World/my_world/rt_out/experiments/semantic_ablation_rigid_200f/sionna_xml/frame_008_sionna.xml
9,2313,/home/telilab4090/Documents/Gazebo World/my_world/rt_out/experiments/semantic_ablation_rigid_200f/frames/composed_manifests/frame_009/composed_frame_009_manifest.json,/home/telilab4090/Documents/Gazebo World/my_world/rt_out/experiments/semantic_ablation_rigid_200f/sionna_xml/frame_009_sionna.xml
10,2570,/home/telilab4090/Documents/Gazebo World/my_world/rt_out/experiments/semantic_ablation_rigid_200f/frames/composed_manifests/frame_010/composed_frame_010_manifest.json,/home/telilab4090/Documents/Gazebo World/my_world/rt_out/experiments/semantic_ablation_rigid_200f/sionna_xml/frame_010_sionna.xml
11,2827,/home/telilab4090/Documents/Gazebo World/my_world/rt_out/experiments/semantic_ablation_rigid_200f/frames/composed_manifests/frame_011/composed_frame_011_manifest.json,/home/telilab4090/Documents/Gazebo World/my_world/rt_out/experiments/semantic_ablation_rigid_200f/sionna_xml/frame_011_sionna.xml
12,3084,/home/telilab4090/Documents/Gazebo World/my_world/rt_out/experiments/semantic_ablation_rigid_200f/frames/composed_manifests/frame_012/composed_frame_012_manifest.json,/home/telilab4090/Documents/Gazebo World/my_world/rt_out/experiments/semantic_ablation_rigid_200f/sionna_xml/frame_012_sionna.xml
13,3341,/home/telilab4090/Documents/Gazebo World/my_world/rt_out/experiments/semantic_ablation_rigid_200f/frames/composed_manifests/frame_013/composed_frame_013_manifest.json,/home/telilab4090/Documents/Gazebo World/my_world/rt_out/experiments/semantic_ablation_rigid_200f/sionna_xml/frame_013_sionna.xml
14,3598,/home/telilab4090/Documents/Gazebo World/my_world/rt_out/experiments/semantic_ablation_rigid_200f/frames/composed_manifests/frame_014/composed_frame_014_manifest.json,/home/telilab4090/Documents/Gazebo World/my_world/rt_out/experiments/semantic_ablation_rigid_200f/sionna_xml/frame_014_sionna.xml
15,3855,/home/telilab4090/Documents/Gazebo World/my_world/rt_out/experiments/semantic_ablation_rigid_200f/frames/composed_manifests/frame_015/composed_frame_015_manifest.json,/home/telilab4090/Documents/Gazebo World/my_world/rt_out/experiments/semantic_ablation_rigid_200f/sionna_xml/frame_015_sionna.xml
16,4112,/home/telilab4090/Documents/Gazebo World/my_world/rt_out/experiments/semantic_ablation_rigid_200f/frames/composed_manifests/frame_016/composed_frame_016_manifest.json,/home/telilab4090/Documents/Gazebo World/my_world/rt_out/experiments/semantic_ablation_rigid_200f/sionna_xml/frame_016_sionna.xml
17,4369,/home/telilab4090/Documents/Gazebo World/my_world/rt_out/experiments/semantic_ablation_rigid_200f/frames/composed_manifests/frame_017/composed_frame_017_manifest.json,/home/telilab4090/Documents/Gazebo World/my_world/rt_out/experiments/semantic_ablation_rigid_200f/sionna_xml/frame_017_sionna.xml
18,4626,/home/telilab4090/Documents/Gazebo World/my_world/rt_out/experiments/semantic_ablation_rigid_200f/frames/composed_manifests/frame_018/composed_frame_018_manifest.json,/home/telilab4090/Documents/Gazebo World/my_world/rt_out/experiments/semantic_ablation_rigid_200f/sionna_xml/frame_018_sionna.xml
19,4883,/home/telilab4090/Documents/Gazebo World/my_world/rt_out/experiments/semantic_ablation_rigid_200f/frames/composed_manifests/frame_019/composed_frame_019_manifest.json,/home/telilab4090/Documents/Gazebo World/my_world/rt_out/experiments/semantic_ablation_rigid_200f/sionna_xml/frame_019_sionna.xml
20,5140,/home/telilab4090/Documents/Gazebo World/my_world/rt_out/experiments/semantic_ablation_rigid_200f/frames/composed_manifests/frame_020/composed_frame_020_manifest.json,/home/telilab4090/Documents/Gazebo World/my_world/rt_out/experiments/semantic_ablation_rigid_200f/sionna_xml/frame_020_sionna.xml
21,5397,/home/telilab4090/Documents/Gazebo World/my_world/rt_out/experiments/semantic_ablation_rigid_200f/frames/composed_manifests/frame_021/composed_frame_021_manifest.json,/home/telilab4090/Documents/Gazebo World/my_world/rt_out/experiments/semantic_ablation_rigid_200f/sionna_xml/frame_021_sionna.xml
22,5654,/home/telilab4090/Documents/Gazebo World/my_world/rt_out/experiments/semantic_ablation_rigid_200f/frames/composed_manifests/frame_022/composed_frame_022_manifest.json,/home/telilab4090/Documents/Gazebo World/my_world/rt_out/experiments/semantic_ablation_rigid_200f/sionna_xml/frame_022_sionna.xml
23,5911,/home/telilab4090/Documents/Gazebo World/my_world/rt_out/experiments/semantic_ablation_rigid_200f/frames/composed_manifests/frame_023/composed_frame_023_manifest.json,/home/telilab4090/Documents/Gazebo World/my_world/rt_out/experiments/semantic_ablation_rigid_200f/sionna_xml/frame_023_sionna.xml
24,6168,/home/telilab4090/Documents/Gazebo World/my_world/rt_out/experiments/semantic_ablation_rigid_200f/frames/composed_manifests/frame_024/composed_frame_024_manifest.json,/home/telilab4090/Documents/Gazebo World/my_world/rt_out/experiments/semantic_ablation_rigid_200f/sionna_xml/frame_024_sionna.xml
25,6425,/home/telilab4090/Documents/Gazebo World/my_world/rt_out/experiments/semantic_ablation_rigid_200f/frames/composed_manifests/frame_025/composed_frame_025_manifest.json,/home/telilab4090/Documents/Gazebo World/my_world/rt_out/experiments/semantic_ablation_rigid_200f/sionna_xml/frame_025_sionna.xml
26,6682,/home/telilab4090/Documents/Gazebo World/my_world/rt_out/experiments/semantic_ablation_rigid_200f/frames/composed_manifests/frame_026/composed_frame_026_manifest.json,/home/telilab4090/Documents/Gazebo World/my_world/rt_out/experiments/semantic_ablation_rigid_200f/sionna_xml/frame_026_sionna.xml
27,6939,/home/telilab4090/Documents/Gazebo World/my_world/rt_out/experiments/semantic_ablation_rigid_200f/frames/composed_manifests/frame_027/composed_frame_027_manifest.json,/home/telilab4090/Documents/Gazebo World/my_world/rt_out/experiments/semantic_ablation_rigid_200f/sionna_xml/frame_027_sionna.xml
28,7196,/home/telilab4090/Documents/Gazebo World/my_world/rt_out/experiments/semantic_ablation_rigid_200f/frames/composed_manifests/frame_028/composed_frame_028_manifest.json,/home/telilab4090/Documents/Gazebo World/my_world/rt_out/experiments/semantic_ablation_rigid_200f/sionna_xml/frame_028_sionna.xml
29,7453,/home/telilab4090/Documents/Gazebo World/my_world/rt_out/experiments/semantic_ablation_rigid_200f/frames/composed_manifests/frame_029/composed_frame_029_manifest.json,/home/telilab4090/Documents/Gazebo World/my_world/rt_out/experiments/semantic_ablation_rigid_200f/sionna_xml/frame_029_sionna.xml
30,7710,/home/telilab4090/Documents/Gazebo World/my_world/rt_out/experiments/semantic_ablation_rigid_200f/frames/composed_manifests/frame_030/composed_frame_030_manifest.json,/home/telilab4090/Documents/Gazebo World/my_world/rt_out/experiments/semantic_ablation_rigid_200f/sionna_xml/frame_030_sionna.xml
31,7967,/home/telilab4090/Documents/Gazebo World/my_world/rt_out/experiments/semantic_ablation_rigid_200f/frames/composed_manifests/frame_031/composed_frame_031_manifest.json,/home/telilab4090/Documents/Gazebo World/my_world/rt_out/experiments/semantic_ablation_rigid_200f/sionna_xml/frame_031_sionna.xml
32,8224,/home/telilab4090/Documents/Gazebo World/my_world/rt_out/experiments/semantic_ablation_rigid_200f/frames/composed_manifests/frame_032/composed_frame_032_manifest.json,/home/telilab4090/Documents/Gazebo World/my_world/rt_out/experiments/semantic_ablation_rigid_200f/sionna_xml/frame_032_sionna.xml
33,8481,/home/telilab4090/Documents/Gazebo World/my_world/rt_out/experiments/semantic_ablation_rigid_200f/frames/composed_manifests/frame_033/composed_frame_033_manifest.json,/home/telilab4090/Documents/Gazebo World/my_world/rt_out/experiments/semantic_ablation_rigid_200f/sionna_xml/frame_033_sionna.xml
34,8737,/home/telilab4090/Documents/Gazebo World/my_world/rt_out/experiments/semantic_ablation_rigid_200f/frames/composed_manifests/frame_034/composed_frame_034_manifest.json,/home/telilab4090/Documents/Gazebo World/my_world/rt_out/experiments/semantic_ablation_rigid_200f/sionna_xml/frame_034_sionna.xml
35,8994,/home/telilab4090/Documents/Gazebo World/my_world/rt_out/experiments/semantic_ablation_rigid_200f/frames/composed_manifests/frame_035/composed_frame_035_manifest.json,/home/telilab4090/Documents/Gazebo World/my_world/rt_out/experiments/semantic_ablation_rigid_200f/sionna_xml/frame_035_sionna.xml
36,9251,/home/telilab4090/Documents/Gazebo World/my_world/rt_out/experiments/semantic_ablation_rigid_200f/frames/composed_manifests/frame_036/composed_frame_036_manifest.json,/home/telilab4090/Documents/Gazebo World/my_world/rt_out/experiments/semantic_ablation_rigid_200f/sionna_xml/frame_036_sionna.xml
37,9508,/home/telilab4090/Documents/Gazebo World/my_world/rt_out/experiments/semantic_ablation_rigid_200f/frames/composed_manifests/frame_037/composed_frame_037_manifest.json,/home/telilab4090/Documents/Gazebo World/my_world/rt_out/experiments/semantic_ablation_rigid_200f/sionna_xml/frame_037_sionna.xml
38,9765,/home/telilab4090/Documents/Gazebo World/my_world/rt_out/experiments/semantic_ablation_rigid_200f/frames/composed_manifests/frame_038/composed_frame_038_manifest.json,/home/telilab4090/Documents/Gazebo World/my_world/rt_out/experiments/semantic_ablation_rigid_200f/sionna_xml/frame_038_sionna.xml
39,10022,/home/telilab4090/Documents/Gazebo World/my_world/rt_out/experiments/semantic_ablation_rigid_200f/frames/composed_manifests/frame_039/composed_frame_039_manifest.json,/home/telilab4090/Documents/Gazebo World/my_world/rt_out/experiments/semantic_ablation_rigid_200f/sionna_xml/frame_039_sionna.xml
40,10279,/home/telilab4090/Documents/Gazebo World/my_world/rt_out/experiments/semantic_ablation_rigid_200f/frames/composed_manifests/frame_040/composed_frame_040_manifest.json,/home/telilab4090/Documents/Gazebo World/my_world/rt_out/experiments/semantic_ablation_rigid_200f/sionna_xml/frame_040_sionna.xml
41,10536,/home/telilab4090/Documents/Gazebo World/my_world/rt_out/experiments/semantic_ablation_rigid_200f/frames/composed_manifests/frame_041/composed_frame_041_manifest.json,/home/telilab4090/Documents/Gazebo World/my_world/rt_out/experiments/semantic_ablation_rigid_200f/sionna_xml/frame_041_sionna.xml
42,10793,/home/telilab4090/Documents/Gazebo World/my_world/rt_out/experiments/semantic_ablation_rigid_200f/frames/composed_manifests/frame_042/composed_frame_042_manifest.json,/home/telilab4090/Documents/Gazebo World/my_world/rt_out/experiments/semantic_ablation_rigid_200f/sionna_xml/frame_042_sionna.xml
43,11050,/home/telilab4090/Documents/Gazebo World/my_world/rt_out/experiments/semantic_ablation_rigid_200f/frames/composed_manifests/frame_043/composed_frame_043_manifest.json,/home/telilab4090/Documents/Gazebo World/my_world/rt_out/experiments/semantic_ablation_rigid_200f/sionna_xml/frame_043_sionna.xml
44,11307,/home/telilab4090/Documents/Gazebo World/my_world/rt_out/experiments/semantic_ablation_rigid_200f/frames/composed_manifests/frame_044/composed_frame_044_manifest.json,/home/telilab4090/Documents/Gazebo World/my_world/rt_out/experiments/semantic_ablation_rigid_200f/sionna_xml/frame_044_sionna.xml
45,11564,/home/telilab4090/Documents/Gazebo World/my_world/rt_out/experiments/semantic_ablation_rigid_200f/frames/composed_manifests/frame_045/composed_frame_045_manifest.json,/home/telilab4090/Documents/Gazebo World/my_world/rt_out/experiments/semantic_ablation_rigid_200f/sionna_xml/frame_045_sionna.xml
46,11821,/home/telilab4090/Documents/Gazebo World/my_world/rt_out/experiments/semantic_ablation_rigid_200f/frames/composed_manifests/frame_046/composed_frame_046_manifest.json,/home/telilab4090/Documents/Gazebo World/my_world/rt_out/experiments/semantic_ablation_rigid_200f/sionna_xml/frame_046_sionna.xml
47,12078,/home/telilab4090/Documents/Gazebo World/my_world/rt_out/experiments/semantic_ablation_rigid_200f/frames/composed_manifests/frame_047/composed_frame_047_manifest.json,/home/telilab4090/Documents/Gazebo World/my_world/rt_out/experiments/semantic_ablation_rigid_200f/sionna_xml/frame_047_sionna.xml
48,12335,/home/telilab4090/Documents/Gazebo World/my_world/rt_out/experiments/semantic_ablation_rigid_200f/frames/composed_manifests/frame_048/composed_frame_048_manifest.json,/home/telilab4090/Documents/Gazebo World/my_world/rt_out/experiments/semantic_ablation_rigid_200f/sionna_xml/frame_048_sionna.xml
49,12592,/home/telilab4090/Documents/Gazebo World/my_world/rt_out/experiments/semantic_ablation_rigid_200f/frames/composed_manifests/frame_049/composed_frame_049_manifest.json,/home/telilab4090/Documents/Gazebo World/my_world/rt_out/experiments/semantic_ablation_rigid_200f/sionna_xml/frame_049_sionna.xml
50,12849,/home/telilab4090/Documents/Gazebo World/my_world/rt_out/experiments/semantic_ablation_rigid_200f/frames/composed_manifests/frame_050/composed_frame_050_manifest.json,/home/telilab4090/Documents/Gazebo World/my_world/rt_out/experiments/semantic_ablation_rigid_200f/sionna_xml/frame_050_sionna.xml
51,13106,/home/telilab4090/Documents/Gazebo World/my_world/rt_out/experiments/semantic_ablation_rigid_200f/frames/composed_manifests/frame_051/composed_frame_051_manifest.json,/home/telilab4090/Documents/Gazebo World/my_world/rt_out/experiments/semantic_ablation_rigid_200f/sionna_xml/frame_051_sionna.xml
52,13363,/home/telilab4090/Documents/Gazebo World/my_world/rt_out/experiments/semantic_ablation_rigid_200f/frames/composed_manifests/frame_052/composed_frame_052_manifest.json,/home/telilab4090/Documents/Gazebo World/my_world/rt_out/experiments/semantic_ablation_rigid_200f/sionna_xml/frame_052_sionna.xml
53,13620,/home/telilab4090/Documents/Gazebo World/my_world/rt_out/experiments/semantic_ablation_rigid_200f/frames/composed_manifests/frame_053/composed_frame_053_manifest.json,/home/telilab4090/Documents/Gazebo World/my_world/rt_out/experiments/semantic_ablation_rigid_200f/sionna_xml/frame_053_sionna.xml
54,13877,/home/telilab4090/Documents/Gazebo World/my_world/rt_out/experiments/semantic_ablation_rigid_200f/frames/composed_manifests/frame_054/composed_frame_054_manifest.json,/home/telilab4090/Documents/Gazebo World/my_world/rt_out/experiments/semantic_ablation_rigid_200f/sionna_xml/frame_054_sionna.xml
55,14134,/home/telilab4090/Documents/Gazebo World/my_world/rt_out/experiments/semantic_ablation_rigid_200f/frames/composed_manifests/frame_055/composed_frame_055_manifest.json,/home/telilab4090/Documents/Gazebo World/my_world/rt_out/experiments/semantic_ablation_rigid_200f/sionna_xml/frame_055_sionna.xml
56,14391,/home/telilab4090/Documents/Gazebo World/my_world/rt_out/experiments/semantic_ablation_rigid_200f/frames/composed_manifests/frame_056/composed_frame_056_manifest.json,/home/telilab4090/Documents/Gazebo World/my_world/rt_out/experiments/semantic_ablation_rigid_200f/sionna_xml/frame_056_sionna.xml
57,14648,/home/telilab4090/Documents/Gazebo World/my_world/rt_out/experiments/semantic_ablation_rigid_200f/frames/composed_manifests/frame_057/composed_frame_057_manifest.json,/home/telilab4090/Documents/Gazebo World/my_world/rt_out/experiments/semantic_ablation_rigid_200f/sionna_xml/frame_057_sionna.xml
58,14905,/home/telilab4090/Documents/Gazebo World/my_world/rt_out/experiments/semantic_ablation_rigid_200f/frames/composed_manifests/frame_058/composed_frame_058_manifest.json,/home/telilab4090/Documents/Gazebo World/my_world/rt_out/experiments/semantic_ablation_rigid_200f/sionna_xml/frame_058_sionna.xml
59,15162,/home/telilab4090/Documents/Gazebo World/my_world/rt_out/experiments/semantic_ablation_rigid_200f/frames/composed_manifests/frame_059/composed_frame_059_manifest.json,/home/telilab4090/Documents/Gazebo World/my_world/rt_out/experiments/semantic_ablation_rigid_200f/sionna_xml/frame_059_sionna.xml
60,15419,/home/telilab4090/Documents/Gazebo World/my_world/rt_out/experiments/semantic_ablation_rigid_200f/frames/composed_manifests/frame_060/composed_frame_060_manifest.json,/home/telilab4090/Documents/Gazebo World/my_world/rt_out/experiments/semantic_ablation_rigid_200f/sionna_xml/frame_060_sionna.xml
61,15676,/home/telilab4090/Documents/Gazebo World/my_world/rt_out/experiments/semantic_ablation_rigid_200f/frames/composed_manifests/frame_061/composed_frame_061_manifest.json,/home/telilab4090/Documents/Gazebo World/my_world/rt_out/experiments/semantic_ablation_rigid_200f/sionna_xml/frame_061_sionna.xml
62,15933,/home/telilab4090/Documents/Gazebo World/my_world/rt_out/experiments/semantic_ablation_rigid_200f/frames/composed_manifests/frame_062/composed_frame_062_manifest.json,/home/telilab4090/Documents/Gazebo World/my_world/rt_out/experiments/semantic_ablation_rigid_200f/sionna_xml/frame_062_sionna.xml
63,16190,/home/telilab4090/Documents/Gazebo World/my_world/rt_out/experiments/semantic_ablation_rigid_200f/frames/composed_manifests/frame_063/composed_frame_063_manifest.json,/home/telilab4090/Documents/Gazebo World/my_world/rt_out/experiments/semantic_ablation_rigid_200f/sionna_xml/frame_063_sionna.xml
64,16447,/home/telilab4090/Documents/Gazebo World/my_world/rt_out/experiments/semantic_ablation_rigid_200f/frames/composed_manifests/frame_064/composed_frame_064_manifest.json,/home/telilab4090/Documents/Gazebo World/my_world/rt_out/experiments/semantic_ablation_rigid_200f/sionna_xml/frame_064_sionna.xml
65,16704,/home/telilab4090/Documents/Gazebo World/my_world/rt_out/experiments/semantic_ablation_rigid_200f/frames/composed_manifests/frame_065/composed_frame_065_manifest.json,/home/telilab4090/Documents/Gazebo World/my_world/rt_out/experiments/semantic_ablation_rigid_200f/sionna_xml/frame_065_sionna.xml
66,16961,/home/telilab4090/Documents/Gazebo World/my_world/rt_out/experiments/semantic_ablation_rigid_200f/frames/composed_manifests/frame_066/composed_frame_066_manifest.json,/home/telilab4090/Documents/Gazebo World/my_world/rt_out/experiments/semantic_ablation_rigid_200f/sionna_xml/frame_066_sionna.xml
67,17218,/home/telilab4090/Documents/Gazebo World/my_world/rt_out/experiments/semantic_ablation_rigid_200f/frames/composed_manifests/frame_067/composed_frame_067_manifest.json,/home/telilab4090/Documents/Gazebo World/my_world/rt_out/experiments/semantic_ablation_rigid_200f/sionna_xml/frame_067_sionna.xml
68,17475,/home/telilab4090/Documents/Gazebo World/my_world/rt_out/experiments/semantic_ablation_rigid_200f/frames/composed_manifests/frame_068/composed_frame_068_manifest.json,/home/telilab4090/Documents/Gazebo World/my_world/rt_out/experiments/semantic_ablation_rigid_200f/sionna_xml/frame_068_sionna.xml
69,17732,/home/telilab4090/Documents/Gazebo World/my_world/rt_out/experiments/semantic_ablation_rigid_200f/frames/composed_manifests/frame_069/composed_frame_069_manifest.json,/home/telilab4090/Documents/Gazebo World/my_world/rt_out/experiments/semantic_ablation_rigid_200f/sionna_xml/frame_069_sionna.xml
70,17989,/home/telilab4090/Documents/Gazebo World/my_world/rt_out/experiments/semantic_ablation_rigid_200f/frames/composed_manifests/frame_070/composed_frame_070_manifest.json,/home/telilab4090/Documents/Gazebo World/my_world/rt_out/experiments/semantic_ablation_rigid_200f/sionna_xml/frame_070_sionna.xml
71,18246,/home/telilab4090/Documents/Gazebo World/my_world/rt_out/experiments/semantic_ablation_rigid_200f/frames/composed_manifests/frame_071/composed_frame_071_manifest.json,/home/telilab4090/Documents/Gazebo World/my_world/rt_out/experiments/semantic_ablation_rigid_200f/sionna_xml/frame_071_sionna.xml
72,18503,/home/telilab4090/Documents/Gazebo World/my_world/rt_out/experiments/semantic_ablation_rigid_200f/frames/composed_manifests/frame_072/composed_frame_072_manifest.json,/home/telilab4090/Documents/Gazebo World/my_world/rt_out/experiments/semantic_ablation_rigid_200f/sionna_xml/frame_072_sionna.xml
73,18760,/home/telilab4090/Documents/Gazebo World/my_world/rt_out/experiments/semantic_ablation_rigid_200f/frames/composed_manifests/frame_073/composed_frame_073_manifest.json,/home/telilab4090/Documents/Gazebo World/my_world/rt_out/experiments/semantic_ablation_rigid_200f/sionna_xml/frame_073_sionna.xml
74,19017,/home/telilab4090/Documents/Gazebo World/my_world/rt_out/experiments/semantic_ablation_rigid_200f/frames/composed_manifests/frame_074/composed_frame_074_manifest.json,/home/telilab4090/Documents/Gazebo World/my_world/rt_out/experiments/semantic_ablation_rigid_200f/sionna_xml/frame_074_sionna.xml
75,19274,/home/telilab4090/Documents/Gazebo World/my_world/rt_out/experiments/semantic_ablation_rigid_200f/frames/composed_manifests/frame_075/composed_frame_075_manifest.json,/home/telilab4090/Documents/Gazebo World/my_world/rt_out/experiments/semantic_ablation_rigid_200f/sionna_xml/frame_075_sionna.xml
76,19531,/home/telilab4090/Documents/Gazebo World/my_world/rt_out/experiments/semantic_ablation_rigid_200f/frames/composed_manifests/frame_076/composed_frame_076_manifest.json,/home/telilab4090/Documents/Gazebo World/my_world/rt_out/experiments/semantic_ablation_rigid_200f/sionna_xml/frame_076_sionna.xml
77,19788,/home/telilab4090/Documents/Gazebo World/my_world/rt_out/experiments/semantic_ablation_rigid_200f/frames/composed_manifests/frame_077/composed_frame_077_manifest.json,/home/telilab4090/Documents/Gazebo World/my_world/rt_out/experiments/semantic_ablation_rigid_200f/sionna_xml/frame_077_sionna.xml
78,20045,/home/telilab4090/Documents/Gazebo World/my_world/rt_out/experiments/semantic_ablation_rigid_200f/frames/composed_manifests/frame_078/composed_frame_078_manifest.json,/home/telilab4090/Documents/Gazebo World/my_world/rt_out/experiments/semantic_ablation_rigid_200f/sionna_xml/frame_078_sionna.xml
79,20302,/home/telilab4090/Documents/Gazebo World/my_world/rt_out/experiments/semantic_ablation_rigid_200f/frames/composed_manifests/frame_079/composed_frame_079_manifest.json,/home/telilab4090/Documents/Gazebo World/my_world/rt_out/experiments/semantic_ablation_rigid_200f/sionna_xml/frame_079_sionna.xml
80,20559,/home/telilab4090/Documents/Gazebo World/my_world/rt_out/experiments/semantic_ablation_rigid_200f/frames/composed_manifests/frame_080/composed_frame_080_manifest.json,/home/telilab4090/Documents/Gazebo World/my_world/rt_out/experiments/semantic_ablation_rigid_200f/sionna_xml/frame_080_sionna.xml
81,20816,/home/telilab4090/Documents/Gazebo World/my_world/rt_out/experiments/semantic_ablation_rigid_200f/frames/composed_manifests/frame_081/composed_frame_081_manifest.json,/home/telilab4090/Documents/Gazebo World/my_world/rt_out/experiments/semantic_ablation_rigid_200f/sionna_xml/frame_081_sionna.xml
82,21073,/home/telilab4090/Documents/Gazebo World/my_world/rt_out/experiments/semantic_ablation_rigid_200f/frames/composed_manifests/frame_082/composed_frame_082_manifest.json,/home/telilab4090/Documents/Gazebo World/my_world/rt_out/experiments/semantic_ablation_rigid_200f/sionna_xml/frame_082_sionna.xml
83,21330,/home/telilab4090/Documents/Gazebo World/my_world/rt_out/experiments/semantic_ablation_rigid_200f/frames/composed_manifests/frame_083/composed_frame_083_manifest.json,/home/telilab4090/Documents/Gazebo World/my_world/rt_out/experiments/semantic_ablation_rigid_200f/sionna_xml/frame_083_sionna.xml
84,21587,/home/telilab4090/Documents/Gazebo World/my_world/rt_out/experiments/semantic_ablation_rigid_200f/frames/composed_manifests/frame_084/composed_frame_084_manifest.json,/home/telilab4090/Documents/Gazebo World/my_world/rt_out/experiments/semantic_ablation_rigid_200f/sionna_xml/frame_084_sionna.xml
85,21844,/home/telilab4090/Documents/Gazebo World/my_world/rt_out/experiments/semantic_ablation_rigid_200f/frames/composed_manifests/frame_085/composed_frame_085_manifest.json,/home/telilab4090/Documents/Gazebo World/my_world/rt_out/experiments/semantic_ablation_rigid_200f/sionna_xml/frame_085_sionna.xml
86,22101,/home/telilab4090/Documents/Gazebo World/my_world/rt_out/experiments/semantic_ablation_rigid_200f/frames/composed_manifests/frame_086/composed_frame_086_manifest.json,/home/telilab4090/Documents/Gazebo World/my_world/rt_out/experiments/semantic_ablation_rigid_200f/sionna_xml/frame_086_sionna.xml
87,22358,/home/telilab4090/Documents/Gazebo World/my_world/rt_out/experiments/semantic_ablation_rigid_200f/frames/composed_manifests/frame_087/composed_frame_087_manifest.json,/home/telilab4090/Documents/Gazebo World/my_world/rt_out/experiments/semantic_ablation_rigid_200f/sionna_xml/frame_087_sionna.xml
88,22615,/home/telilab4090/Documents/Gazebo World/my_world/rt_out/experiments/semantic_ablation_rigid_200f/frames/composed_manifests/frame_088/composed_frame_088_manifest.json,/home/telilab4090/Documents/Gazebo World/my_world/rt_out/experiments/semantic_ablation_rigid_200f/sionna_xml/frame_088_sionna.xml
89,22872,/home/telilab4090/Documents/Gazebo World/my_world/rt_out/experiments/semantic_ablation_rigid_200f/frames/composed_manifests/frame_089/composed_frame_089_manifest.json,/home/telilab4090/Documents/Gazebo World/my_world/rt_out/experiments/semantic_ablation_rigid_200f/sionna_xml/frame_089_sionna.xml
90,23129,/home/telilab4090/Documents/Gazebo World/my_world/rt_out/experiments/semantic_ablation_rigid_200f/frames/composed_manifests/frame_090/composed_frame_090_manifest.json,/home/telilab4090/Documents/Gazebo World/my_world/rt_out/experiments/semantic_ablation_rigid_200f/sionna_xml/frame_090_sionna.xml
91,23386,/home/telilab4090/Documents/Gazebo World/my_world/rt_out/experiments/semantic_ablation_rigid_200f/frames/composed_manifests/frame_091/composed_frame_091_manifest.json,/home/telilab4090/Documents/Gazebo World/my_world/rt_out/experiments/semantic_ablation_rigid_200f/sionna_xml/frame_091_sionna.xml
92,23643,/home/telilab4090/Documents/Gazebo World/my_world/rt_out/experiments/semantic_ablation_rigid_200f/frames/composed_manifests/frame_092/composed_frame_092_manifest.json,/home/telilab4090/Documents/Gazebo World/my_world/rt_out/experiments/semantic_ablation_rigid_200f/sionna_xml/frame_092_sionna.xml
93,23900,/home/telilab4090/Documents/Gazebo World/my_world/rt_out/experiments/semantic_ablation_rigid_200f/frames/composed_manifests/frame_093/composed_frame_093_manifest.json,/home/telilab4090/Documents/Gazebo World/my_world/rt_out/experiments/semantic_ablation_rigid_200f/sionna_xml/frame_093_sionna.xml
94,24157,/home/telilab4090/Documents/Gazebo World/my_world/rt_out/experiments/semantic_ablation_rigid_200f/frames/composed_manifests/frame_094/composed_frame_094_manifest.json,/home/telilab4090/Documents/Gazebo World/my_world/rt_out/experiments/semantic_ablation_rigid_200f/sionna_xml/frame_094_sionna.xml
95,24414,/home/telilab4090/Documents/Gazebo World/my_world/rt_out/experiments/semantic_ablation_rigid_200f/frames/composed_manifests/frame_095/composed_frame_095_manifest.json,/home/telilab4090/Documents/Gazebo World/my_world/rt_out/experiments/semantic_ablation_rigid_200f/sionna_xml/frame_095_sionna.xml
96,24671,/home/telilab4090/Documents/Gazebo World/my_world/rt_out/experiments/semantic_ablation_rigid_200f/frames/composed_manifests/frame_096/composed_frame_096_manifest.json,/home/telilab4090/Documents/Gazebo World/my_world/rt_out/experiments/semantic_ablation_rigid_200f/sionna_xml/frame_096_sionna.xml
97,24928,/home/telilab4090/Documents/Gazebo World/my_world/rt_out/experiments/semantic_ablation_rigid_200f/frames/composed_manifests/frame_097/composed_frame_097_manifest.json,/home/telilab4090/Documents/Gazebo World/my_world/rt_out/experiments/semantic_ablation_rigid_200f/sionna_xml/frame_097_sionna.xml
98,25185,/home/telilab4090/Documents/Gazebo World/my_world/rt_out/experiments/semantic_ablation_rigid_200f/frames/composed_manifests/frame_098/composed_frame_098_manifest.json,/home/telilab4090/Documents/Gazebo World/my_world/rt_out/experiments/semantic_ablation_rigid_200f/sionna_xml/frame_098_sionna.xml
99,25442,/home/telilab4090/Documents/Gazebo World/my_world/rt_out/experiments/semantic_ablation_rigid_200f/frames/composed_manifests/frame_099/composed_frame_099_manifest.json,/home/telilab4090/Documents/Gazebo World/my_world/rt_out/experiments/semantic_ablation_rigid_200f/sionna_xml/frame_099_sionna.xml
100,25698,/home/telilab4090/Documents/Gazebo World/my_world/rt_out/experiments/semantic_ablation_rigid_200f/frames/composed_manifests/frame_100/composed_frame_100_manifest.json,/home/telilab4090/Documents/Gazebo World/my_world/rt_out/experiments/semantic_ablation_rigid_200f/sionna_xml/frame_100_sionna.xml
101,25955,/home/telilab4090/Documents/Gazebo World/my_world/rt_out/experiments/semantic_ablation_rigid_200f/frames/composed_manifests/frame_101/composed_frame_101_manifest.json,/home/telilab4090/Documents/Gazebo World/my_world/rt_out/experiments/semantic_ablation_rigid_200f/sionna_xml/frame_101_sionna.xml
102,26212,/home/telilab4090/Documents/Gazebo World/my_world/rt_out/experiments/semantic_ablation_rigid_200f/frames/composed_manifests/frame_102/composed_frame_102_manifest.json,/home/telilab4090/Documents/Gazebo World/my_world/rt_out/experiments/semantic_ablation_rigid_200f/sionna_xml/frame_102_sionna.xml
103,26469,/home/telilab4090/Documents/Gazebo World/my_world/rt_out/experiments/semantic_ablation_rigid_200f/frames/composed_manifests/frame_103/composed_frame_103_manifest.json,/home/telilab4090/Documents/Gazebo World/my_world/rt_out/experiments/semantic_ablation_rigid_200f/sionna_xml/frame_103_sionna.xml
104,26726,/home/telilab4090/Documents/Gazebo World/my_world/rt_out/experiments/semantic_ablation_rigid_200f/frames/composed_manifests/frame_104/composed_frame_104_manifest.json,/home/telilab4090/Documents/Gazebo World/my_world/rt_out/experiments/semantic_ablation_rigid_200f/sionna_xml/frame_104_sionna.xml
105,26983,/home/telilab4090/Documents/Gazebo World/my_world/rt_out/experiments/semantic_ablation_rigid_200f/frames/composed_manifests/frame_105/composed_frame_105_manifest.json,/home/telilab4090/Documents/Gazebo World/my_world/rt_out/experiments/semantic_ablation_rigid_200f/sionna_xml/frame_105_sionna.xml
106,27240,/home/telilab4090/Documents/Gazebo World/my_world/rt_out/experiments/semantic_ablation_rigid_200f/frames/composed_manifests/frame_106/composed_frame_106_manifest.json,/home/telilab4090/Documents/Gazebo World/my_world/rt_out/experiments/semantic_ablation_rigid_200f/sionna_xml/frame_106_sionna.xml
107,27497,/home/telilab4090/Documents/Gazebo World/my_world/rt_out/experiments/semantic_ablation_rigid_200f/frames/composed_manifests/frame_107/composed_frame_107_manifest.json,/home/telilab4090/Documents/Gazebo World/my_world/rt_out/experiments/semantic_ablation_rigid_200f/sionna_xml/frame_107_sionna.xml
108,27754,/home/telilab4090/Documents/Gazebo World/my_world/rt_out/experiments/semantic_ablation_rigid_200f/frames/composed_manifests/frame_108/composed_frame_108_manifest.json,/home/telilab4090/Documents/Gazebo World/my_world/rt_out/experiments/semantic_ablation_rigid_200f/sionna_xml/frame_108_sionna.xml
109,28011,/home/telilab4090/Documents/Gazebo World/my_world/rt_out/experiments/semantic_ablation_rigid_200f/frames/composed_manifests/frame_109/composed_frame_109_manifest.json,/home/telilab4090/Documents/Gazebo World/my_world/rt_out/experiments/semantic_ablation_rigid_200f/sionna_xml/frame_109_sionna.xml
110,28268,/home/telilab4090/Documents/Gazebo World/my_world/rt_out/experiments/semantic_ablation_rigid_200f/frames/composed_manifests/frame_110/composed_frame_110_manifest.json,/home/telilab4090/Documents/Gazebo World/my_world/rt_out/experiments/semantic_ablation_rigid_200f/sionna_xml/frame_110_sionna.xml
111,28525,/home/telilab4090/Documents/Gazebo World/my_world/rt_out/experiments/semantic_ablation_rigid_200f/frames/composed_manifests/frame_111/composed_frame_111_manifest.json,/home/telilab4090/Documents/Gazebo World/my_world/rt_out/experiments/semantic_ablation_rigid_200f/sionna_xml/frame_111_sionna.xml
112,28782,/home/telilab4090/Documents/Gazebo World/my_world/rt_out/experiments/semantic_ablation_rigid_200f/frames/composed_manifests/frame_112/composed_frame_112_manifest.json,/home/telilab4090/Documents/Gazebo World/my_world/rt_out/experiments/semantic_ablation_rigid_200f/sionna_xml/frame_112_sionna.xml
113,29039,/home/telilab4090/Documents/Gazebo World/my_world/rt_out/experiments/semantic_ablation_rigid_200f/frames/composed_manifests/frame_113/composed_frame_113_manifest.json,/home/telilab4090/Documents/Gazebo World/my_world/rt_out/experiments/semantic_ablation_rigid_200f/sionna_xml/frame_113_sionna.xml
114,29296,/home/telilab4090/Documents/Gazebo World/my_world/rt_out/experiments/semantic_ablation_rigid_200f/frames/composed_manifests/frame_114/composed_frame_114_manifest.json,/home/telilab4090/Documents/Gazebo World/my_world/rt_out/experiments/semantic_ablation_rigid_200f/sionna_xml/frame_114_sionna.xml
115,29553,/home/telilab4090/Documents/Gazebo World/my_world/rt_out/experiments/semantic_ablation_rigid_200f/frames/composed_manifests/frame_115/composed_frame_115_manifest.json,/home/telilab4090/Documents/Gazebo World/my_world/rt_out/experiments/semantic_ablation_rigid_200f/sionna_xml/frame_115_sionna.xml
116,29810,/home/telilab4090/Documents/Gazebo World/my_world/rt_out/experiments/semantic_ablation_rigid_200f/frames/composed_manifests/frame_116/composed_frame_116_manifest.json,/home/telilab4090/Documents/Gazebo World/my_world/rt_out/experiments/semantic_ablation_rigid_200f/sionna_xml/frame_116_sionna.xml
117,30067,/home/telilab4090/Documents/Gazebo World/my_world/rt_out/experiments/semantic_ablation_rigid_200f/frames/composed_manifests/frame_117/composed_frame_117_manifest.json,/home/telilab4090/Documents/Gazebo World/my_world/rt_out/experiments/semantic_ablation_rigid_200f/sionna_xml/frame_117_sionna.xml
118,30324,/home/telilab4090/Documents/Gazebo World/my_world/rt_out/experiments/semantic_ablation_rigid_200f/frames/composed_manifests/frame_118/composed_frame_118_manifest.json,/home/telilab4090/Documents/Gazebo World/my_world/rt_out/experiments/semantic_ablation_rigid_200f/sionna_xml/frame_118_sionna.xml
119,30581,/home/telilab4090/Documents/Gazebo World/my_world/rt_out/experiments/semantic_ablation_rigid_200f/frames/composed_manifests/frame_119/composed_frame_119_manifest.json,/home/telilab4090/Documents/Gazebo World/my_world/rt_out/experiments/semantic_ablation_rigid_200f/sionna_xml/frame_119_sionna.xml
120,30838,/home/telilab4090/Documents/Gazebo World/my_world/rt_out/experiments/semantic_ablation_rigid_200f/frames/composed_manifests/frame_120/composed_frame_120_manifest.json,/home/telilab4090/Documents/Gazebo World/my_world/rt_out/experiments/semantic_ablation_rigid_200f/sionna_xml/frame_120_sionna.xml
121,31095,/home/telilab4090/Documents/Gazebo World/my_world/rt_out/experiments/semantic_ablation_rigid_200f/frames/composed_manifests/frame_121/composed_frame_121_manifest.json,/home/telilab4090/Documents/Gazebo World/my_world/rt_out/experiments/semantic_ablation_rigid_200f/sionna_xml/frame_121_sionna.xml
122,31352,/home/telilab4090/Documents/Gazebo World/my_world/rt_out/experiments/semantic_ablation_rigid_200f/frames/composed_manifests/frame_122/composed_frame_122_manifest.json,/home/telilab4090/Documents/Gazebo World/my_world/rt_out/experiments/semantic_ablation_rigid_200f/sionna_xml/frame_122_sionna.xml
123,31609,/home/telilab4090/Documents/Gazebo World/my_world/rt_out/experiments/semantic_ablation_rigid_200f/frames/composed_manifests/frame_123/composed_frame_123_manifest.json,/home/telilab4090/Documents/Gazebo World/my_world/rt_out/experiments/semantic_ablation_rigid_200f/sionna_xml/frame_123_sionna.xml
124,31866,/home/telilab4090/Documents/Gazebo World/my_world/rt_out/experiments/semantic_ablation_rigid_200f/frames/composed_manifests/frame_124/composed_frame_124_manifest.json,/home/telilab4090/Documents/Gazebo World/my_world/rt_out/experiments/semantic_ablation_rigid_200f/sionna_xml/frame_124_sionna.xml
125,32123,/home/telilab4090/Documents/Gazebo World/my_world/rt_out/experiments/semantic_ablation_rigid_200f/frames/composed_manifests/frame_125/composed_frame_125_manifest.json,/home/telilab4090/Documents/Gazebo World/my_world/rt_out/experiments/semantic_ablation_rigid_200f/sionna_xml/frame_125_sionna.xml
126,32380,/home/telilab4090/Documents/Gazebo World/my_world/rt_out/experiments/semantic_ablation_rigid_200f/frames/composed_manifests/frame_126/composed_frame_126_manifest.json,/home/telilab4090/Documents/Gazebo World/my_world/rt_out/experiments/semantic_ablation_rigid_200f/sionna_xml/frame_126_sionna.xml
127,32637,/home/telilab4090/Documents/Gazebo World/my_world/rt_out/experiments/semantic_ablation_rigid_200f/frames/composed_manifests/frame_127/composed_frame_127_manifest.json,/home/telilab4090/Documents/Gazebo World/my_world/rt_out/experiments/semantic_ablation_rigid_200f/sionna_xml/frame_127_sionna.xml
128,32894,/home/telilab4090/Documents/Gazebo World/my_world/rt_out/experiments/semantic_ablation_rigid_200f/frames/composed_manifests/frame_128/composed_frame_128_manifest.json,/home/telilab4090/Documents/Gazebo World/my_world/rt_out/experiments/semantic_ablation_rigid_200f/sionna_xml/frame_128_sionna.xml
129,33151,/home/telilab4090/Documents/Gazebo World/my_world/rt_out/experiments/semantic_ablation_rigid_200f/frames/composed_manifests/frame_129/composed_frame_129_manifest.json,/home/telilab4090/Documents/Gazebo World/my_world/rt_out/experiments/semantic_ablation_rigid_200f/sionna_xml/frame_129_sionna.xml
130,33408,/home/telilab4090/Documents/Gazebo World/my_world/rt_out/experiments/semantic_ablation_rigid_200f/frames/composed_manifests/frame_130/composed_frame_130_manifest.json,/home/telilab4090/Documents/Gazebo World/my_world/rt_out/experiments/semantic_ablation_rigid_200f/sionna_xml/frame_130_sionna.xml
131,33665,/home/telilab4090/Documents/Gazebo World/my_world/rt_out/experiments/semantic_ablation_rigid_200f/frames/composed_manifests/frame_131/composed_frame_131_manifest.json,/home/telilab4090/Documents/Gazebo World/my_world/rt_out/experiments/semantic_ablation_rigid_200f/sionna_xml/frame_131_sionna.xml
132,33922,/home/telilab4090/Documents/Gazebo World/my_world/rt_out/experiments/semantic_ablation_rigid_200f/frames/composed_manifests/frame_132/composed_frame_132_manifest.json,/home/telilab4090/Documents/Gazebo World/my_world/rt_out/experiments/semantic_ablation_rigid_200f/sionna_xml/frame_132_sionna.xml
133,34179,/home/telilab4090/Documents/Gazebo World/my_world/rt_out/experiments/semantic_ablation_rigid_200f/frames/composed_manifests/frame_133/composed_frame_133_manifest.json,/home/telilab4090/Documents/Gazebo World/my_world/rt_out/experiments/semantic_ablation_rigid_200f/sionna_xml/frame_133_sionna.xml
134,34436,/home/telilab4090/Documents/Gazebo World/my_world/rt_out/experiments/semantic_ablation_rigid_200f/frames/composed_manifests/frame_134/composed_frame_134_manifest.json,/home/telilab4090/Documents/Gazebo World/my_world/rt_out/experiments/semantic_ablation_rigid_200f/sionna_xml/frame_134_sionna.xml
135,34693,/home/telilab4090/Documents/Gazebo World/my_world/rt_out/experiments/semantic_ablation_rigid_200f/frames/composed_manifests/frame_135/composed_frame_135_manifest.json,/home/telilab4090/Documents/Gazebo World/my_world/rt_out/experiments/semantic_ablation_rigid_200f/sionna_xml/frame_135_sionna.xml
136,34950,/home/telilab4090/Documents/Gazebo World/my_world/rt_out/experiments/semantic_ablation_rigid_200f/frames/composed_manifests/frame_136/composed_frame_136_manifest.json,/home/telilab4090/Documents/Gazebo World/my_world/rt_out/experiments/semantic_ablation_rigid_200f/sionna_xml/frame_136_sionna.xml
137,35207,/home/telilab4090/Documents/Gazebo World/my_world/rt_out/experiments/semantic_ablation_rigid_200f/frames/composed_manifests/frame_137/composed_frame_137_manifest.json,/home/telilab4090/Documents/Gazebo World/my_world/rt_out/experiments/semantic_ablation_rigid_200f/sionna_xml/frame_137_sionna.xml
138,35464,/home/telilab4090/Documents/Gazebo World/my_world/rt_out/experiments/semantic_ablation_rigid_200f/frames/composed_manifests/frame_138/composed_frame_138_manifest.json,/home/telilab4090/Documents/Gazebo World/my_world/rt_out/experiments/semantic_ablation_rigid_200f/sionna_xml/frame_138_sionna.xml
139,35721,/home/telilab4090/Documents/Gazebo World/my_world/rt_out/experiments/semantic_ablation_rigid_200f/frames/composed_manifests/frame_139/composed_frame_139_manifest.json,/home/telilab4090/Documents/Gazebo World/my_world/rt_out/experiments/semantic_ablation_rigid_200f/sionna_xml/frame_139_sionna.xml
140,35978,/home/telilab4090/Documents/Gazebo World/my_world/rt_out/experiments/semantic_ablation_rigid_200f/frames/composed_manifests/frame_140/composed_frame_140_manifest.json,/home/telilab4090/Documents/Gazebo World/my_world/rt_out/experiments/semantic_ablation_rigid_200f/sionna_xml/frame_140_sionna.xml
141,36235,/home/telilab4090/Documents/Gazebo World/my_world/rt_out/experiments/semantic_ablation_rigid_200f/frames/composed_manifests/frame_141/composed_frame_141_manifest.json,/home/telilab4090/Documents/Gazebo World/my_world/rt_out/experiments/semantic_ablation_rigid_200f/sionna_xml/frame_141_sionna.xml
142,36492,/home/telilab4090/Documents/Gazebo World/my_world/rt_out/experiments/semantic_ablation_rigid_200f/frames/composed_manifests/frame_142/composed_frame_142_manifest.json,/home/telilab4090/Documents/Gazebo World/my_world/rt_out/experiments/semantic_ablation_rigid_200f/sionna_xml/frame_142_sionna.xml
143,36749,/home/telilab4090/Documents/Gazebo World/my_world/rt_out/experiments/semantic_ablation_rigid_200f/frames/composed_manifests/frame_143/composed_frame_143_manifest.json,/home/telilab4090/Documents/Gazebo World/my_world/rt_out/experiments/semantic_ablation_rigid_200f/sionna_xml/frame_143_sionna.xml
144,37006,/home/telilab4090/Documents/Gazebo World/my_world/rt_out/experiments/semantic_ablation_rigid_200f/frames/composed_manifests/frame_144/composed_frame_144_manifest.json,/home/telilab4090/Documents/Gazebo World/my_world/rt_out/experiments/semantic_ablation_rigid_200f/sionna_xml/frame_144_sionna.xml
145,37263,/home/telilab4090/Documents/Gazebo World/my_world/rt_out/experiments/semantic_ablation_rigid_200f/frames/composed_manifests/frame_145/composed_frame_145_manifest.json,/home/telilab4090/Documents/Gazebo World/my_world/rt_out/experiments/semantic_ablation_rigid_200f/sionna_xml/frame_145_sionna.xml
146,37520,/home/telilab4090/Documents/Gazebo World/my_world/rt_out/experiments/semantic_ablation_rigid_200f/frames/composed_manifests/frame_146/composed_frame_146_manifest.json,/home/telilab4090/Documents/Gazebo World/my_world/rt_out/experiments/semantic_ablation_rigid_200f/sionna_xml/frame_146_sionna.xml
147,37777,/home/telilab4090/Documents/Gazebo World/my_world/rt_out/experiments/semantic_ablation_rigid_200f/frames/composed_manifests/frame_147/composed_frame_147_manifest.json,/home/telilab4090/Documents/Gazebo World/my_world/rt_out/experiments/semantic_ablation_rigid_200f/sionna_xml/frame_147_sionna.xml
148,38034,/home/telilab4090/Documents/Gazebo World/my_world/rt_out/experiments/semantic_ablation_rigid_200f/frames/composed_manifests/frame_148/composed_frame_148_manifest.json,/home/telilab4090/Documents/Gazebo World/my_world/rt_out/experiments/semantic_ablation_rigid_200f/sionna_xml/frame_148_sionna.xml
149,38291,/home/telilab4090/Documents/Gazebo World/my_world/rt_out/experiments/semantic_ablation_rigid_200f/frames/composed_manifests/frame_149/composed_frame_149_manifest.json,/home/telilab4090/Documents/Gazebo World/my_world/rt_out/experiments/semantic_ablation_rigid_200f/sionna_xml/frame_149_sionna.xml
150,38548,/home/telilab4090/Documents/Gazebo World/my_world/rt_out/experiments/semantic_ablation_rigid_200f/frames/composed_manifests/frame_150/composed_frame_150_manifest.json,/home/telilab4090/Documents/Gazebo World/my_world/rt_out/experiments/semantic_ablation_rigid_200f/sionna_xml/frame_150_sionna.xml
151,38805,/home/telilab4090/Documents/Gazebo World/my_world/rt_out/experiments/semantic_ablation_rigid_200f/frames/composed_manifests/frame_151/composed_frame_151_manifest.json,/home/telilab4090/Documents/Gazebo World/my_world/rt_out/experiments/semantic_ablation_rigid_200f/sionna_xml/frame_151_sionna.xml
152,39062,/home/telilab4090/Documents/Gazebo World/my_world/rt_out/experiments/semantic_ablation_rigid_200f/frames/composed_manifests/frame_152/composed_frame_152_manifest.json,/home/telilab4090/Documents/Gazebo World/my_world/rt_out/experiments/semantic_ablation_rigid_200f/sionna_xml/frame_152_sionna.xml
153,39319,/home/telilab4090/Documents/Gazebo World/my_world/rt_out/experiments/semantic_ablation_rigid_200f/frames/composed_manifests/frame_153/composed_frame_153_manifest.json,/home/telilab4090/Documents/Gazebo World/my_world/rt_out/experiments/semantic_ablation_rigid_200f/sionna_xml/frame_153_sionna.xml
154,39576,/home/telilab4090/Documents/Gazebo World/my_world/rt_out/experiments/semantic_ablation_rigid_200f/frames/composed_manifests/frame_154/composed_frame_154_manifest.json,/home/telilab4090/Documents/Gazebo World/my_world/rt_out/experiments/semantic_ablation_rigid_200f/sionna_xml/frame_154_sionna.xml
155,39833,/home/telilab4090/Documents/Gazebo World/my_world/rt_out/experiments/semantic_ablation_rigid_200f/frames/composed_manifests/frame_155/composed_frame_155_manifest.json,/home/telilab4090/Documents/Gazebo World/my_world/rt_out/experiments/semantic_ablation_rigid_200f/sionna_xml/frame_155_sionna.xml
156,40090,/home/telilab4090/Documents/Gazebo World/my_world/rt_out/experiments/semantic_ablation_rigid_200f/frames/composed_manifests/frame_156/composed_frame_156_manifest.json,/home/telilab4090/Documents/Gazebo World/my_world/rt_out/experiments/semantic_ablation_rigid_200f/sionna_xml/frame_156_sionna.xml
157,40347,/home/telilab4090/Documents/Gazebo World/my_world/rt_out/experiments/semantic_ablation_rigid_200f/frames/composed_manifests/frame_157/composed_frame_157_manifest.json,/home/telilab4090/Documents/Gazebo World/my_world/rt_out/experiments/semantic_ablation_rigid_200f/sionna_xml/frame_157_sionna.xml
158,40604,/home/telilab4090/Documents/Gazebo World/my_world/rt_out/experiments/semantic_ablation_rigid_200f/frames/composed_manifests/frame_158/composed_frame_158_manifest.json,/home/telilab4090/Documents/Gazebo World/my_world/rt_out/experiments/semantic_ablation_rigid_200f/sionna_xml/frame_158_sionna.xml
159,40861,/home/telilab4090/Documents/Gazebo World/my_world/rt_out/experiments/semantic_ablation_rigid_200f/frames/composed_manifests/frame_159/composed_frame_159_manifest.json,/home/telilab4090/Documents/Gazebo World/my_world/rt_out/experiments/semantic_ablation_rigid_200f/sionna_xml/frame_159_sionna.xml
160,41118,/home/telilab4090/Documents/Gazebo World/my_world/rt_out/experiments/semantic_ablation_rigid_200f/frames/composed_manifests/frame_160/composed_frame_160_manifest.json,/home/telilab4090/Documents/Gazebo World/my_world/rt_out/experiments/semantic_ablation_rigid_200f/sionna_xml/frame_160_sionna.xml
161,41375,/home/telilab4090/Documents/Gazebo World/my_world/rt_out/experiments/semantic_ablation_rigid_200f/frames/composed_manifests/frame_161/composed_frame_161_manifest.json,/home/telilab4090/Documents/Gazebo World/my_world/rt_out/experiments/semantic_ablation_rigid_200f/sionna_xml/frame_161_sionna.xml
162,41632,/home/telilab4090/Documents/Gazebo World/my_world/rt_out/experiments/semantic_ablation_rigid_200f/frames/composed_manifests/frame_162/composed_frame_162_manifest.json,/home/telilab4090/Documents/Gazebo World/my_world/rt_out/experiments/semantic_ablation_rigid_200f/sionna_xml/frame_162_sionna.xml
163,41889,/home/telilab4090/Documents/Gazebo World/my_world/rt_out/experiments/semantic_ablation_rigid_200f/frames/composed_manifests/frame_163/composed_frame_163_manifest.json,/home/telilab4090/Documents/Gazebo World/my_world/rt_out/experiments/semantic_ablation_rigid_200f/sionna_xml/frame_163_sionna.xml
164,42146,/home/telilab4090/Documents/Gazebo World/my_world/rt_out/experiments/semantic_ablation_rigid_200f/frames/composed_manifests/frame_164/composed_frame_164_manifest.json,/home/telilab4090/Documents/Gazebo World/my_world/rt_out/experiments/semantic_ablation_rigid_200f/sionna_xml/frame_164_sionna.xml
165,42403,/home/telilab4090/Documents/Gazebo World/my_world/rt_out/experiments/semantic_ablation_rigid_200f/frames/composed_manifests/frame_165/composed_frame_165_manifest.json,/home/telilab4090/Documents/Gazebo World/my_world/rt_out/experiments/semantic_ablation_rigid_200f/sionna_xml/frame_165_sionna.xml
166,42659,/home/telilab4090/Documents/Gazebo World/my_world/rt_out/experiments/semantic_ablation_rigid_200f/frames/composed_manifests/frame_166/composed_frame_166_manifest.json,/home/telilab4090/Documents/Gazebo World/my_world/rt_out/experiments/semantic_ablation_rigid_200f/sionna_xml/frame_166_sionna.xml
167,42916,/home/telilab4090/Documents/Gazebo World/my_world/rt_out/experiments/semantic_ablation_rigid_200f/frames/composed_manifests/frame_167/composed_frame_167_manifest.json,/home/telilab4090/Documents/Gazebo World/my_world/rt_out/experiments/semantic_ablation_rigid_200f/sionna_xml/frame_167_sionna.xml
168,43173,/home/telilab4090/Documents/Gazebo World/my_world/rt_out/experiments/semantic_ablation_rigid_200f/frames/composed_manifests/frame_168/composed_frame_168_manifest.json,/home/telilab4090/Documents/Gazebo World/my_world/rt_out/experiments/semantic_ablation_rigid_200f/sionna_xml/frame_168_sionna.xml
169,43430,/home/telilab4090/Documents/Gazebo World/my_world/rt_out/experiments/semantic_ablation_rigid_200f/frames/composed_manifests/frame_169/composed_frame_169_manifest.json,/home/telilab4090/Documents/Gazebo World/my_world/rt_out/experiments/semantic_ablation_rigid_200f/sionna_xml/frame_169_sionna.xml
170,43687,/home/telilab4090/Documents/Gazebo World/my_world/rt_out/experiments/semantic_ablation_rigid_200f/frames/composed_manifests/frame_170/composed_frame_170_manifest.json,/home/telilab4090/Documents/Gazebo World/my_world/rt_out/experiments/semantic_ablation_rigid_200f/sionna_xml/frame_170_sionna.xml
171,43944,/home/telilab4090/Documents/Gazebo World/my_world/rt_out/experiments/semantic_ablation_rigid_200f/frames/composed_manifests/frame_171/composed_frame_171_manifest.json,/home/telilab4090/Documents/Gazebo World/my_world/rt_out/experiments/semantic_ablation_rigid_200f/sionna_xml/frame_171_sionna.xml
172,44201,/home/telilab4090/Documents/Gazebo World/my_world/rt_out/experiments/semantic_ablation_rigid_200f/frames/composed_manifests/frame_172/composed_frame_172_manifest.json,/home/telilab4090/Documents/Gazebo World/my_world/rt_out/experiments/semantic_ablation_rigid_200f/sionna_xml/frame_172_sionna.xml
173,44458,/home/telilab4090/Documents/Gazebo World/my_world/rt_out/experiments/semantic_ablation_rigid_200f/frames/composed_manifests/frame_173/composed_frame_173_manifest.json,/home/telilab4090/Documents/Gazebo World/my_world/rt_out/experiments/semantic_ablation_rigid_200f/sionna_xml/frame_173_sionna.xml
174,44715,/home/telilab4090/Documents/Gazebo World/my_world/rt_out/experiments/semantic_ablation_rigid_200f/frames/composed_manifests/frame_174/composed_frame_174_manifest.json,/home/telilab4090/Documents/Gazebo World/my_world/rt_out/experiments/semantic_ablation_rigid_200f/sionna_xml/frame_174_sionna.xml
175,44972,/home/telilab4090/Documents/Gazebo World/my_world/rt_out/experiments/semantic_ablation_rigid_200f/frames/composed_manifests/frame_175/composed_frame_175_manifest.json,/home/telilab4090/Documents/Gazebo World/my_world/rt_out/experiments/semantic_ablation_rigid_200f/sionna_xml/frame_175_sionna.xml
176,45229,/home/telilab4090/Documents/Gazebo World/my_world/rt_out/experiments/semantic_ablation_rigid_200f/frames/composed_manifests/frame_176/composed_frame_176_manifest.json,/home/telilab4090/Documents/Gazebo World/my_world/rt_out/experiments/semantic_ablation_rigid_200f/sionna_xml/frame_176_sionna.xml
177,45486,/home/telilab4090/Documents/Gazebo World/my_world/rt_out/experiments/semantic_ablation_rigid_200f/frames/composed_manifests/frame_177/composed_frame_177_manifest.json,/home/telilab4090/Documents/Gazebo World/my_world/rt_out/experiments/semantic_ablation_rigid_200f/sionna_xml/frame_177_sionna.xml
178,45743,/home/telilab4090/Documents/Gazebo World/my_world/rt_out/experiments/semantic_ablation_rigid_200f/frames/composed_manifests/frame_178/composed_frame_178_manifest.json,/home/telilab4090/Documents/Gazebo World/my_world/rt_out/experiments/semantic_ablation_rigid_200f/sionna_xml/frame_178_sionna.xml
179,46000,/home/telilab4090/Documents/Gazebo World/my_world/rt_out/experiments/semantic_ablation_rigid_200f/frames/composed_manifests/frame_179/composed_frame_179_manifest.json,/home/telilab4090/Documents/Gazebo World/my_world/rt_out/experiments/semantic_ablation_rigid_200f/sionna_xml/frame_179_sionna.xml
180,46257,/home/telilab4090/Documents/Gazebo World/my_world/rt_out/experiments/semantic_ablation_rigid_200f/frames/composed_manifests/frame_180/composed_frame_180_manifest.json,/home/telilab4090/Documents/Gazebo World/my_world/rt_out/experiments/semantic_ablation_rigid_200f/sionna_xml/frame_180_sionna.xml
181,46514,/home/telilab4090/Documents/Gazebo World/my_world/rt_out/experiments/semantic_ablation_rigid_200f/frames/composed_manifests/frame_181/composed_frame_181_manifest.json,/home/telilab4090/Documents/Gazebo World/my_world/rt_out/experiments/semantic_ablation_rigid_200f/sionna_xml/frame_181_sionna.xml
182,46771,/home/telilab4090/Documents/Gazebo World/my_world/rt_out/experiments/semantic_ablation_rigid_200f/frames/composed_manifests/frame_182/composed_frame_182_manifest.json,/home/telilab4090/Documents/Gazebo World/my_world/rt_out/experiments/semantic_ablation_rigid_200f/sionna_xml/frame_182_sionna.xml
183,47028,/home/telilab4090/Documents/Gazebo World/my_world/rt_out/experiments/semantic_ablation_rigid_200f/frames/composed_manifests/frame_183/composed_frame_183_manifest.json,/home/telilab4090/Documents/Gazebo World/my_world/rt_out/experiments/semantic_ablation_rigid_200f/sionna_xml/frame_183_sionna.xml
184,47285,/home/telilab4090/Documents/Gazebo World/my_world/rt_out/experiments/semantic_ablation_rigid_200f/frames/composed_manifests/frame_184/composed_frame_184_manifest.json,/home/telilab4090/Documents/Gazebo World/my_world/rt_out/experiments/semantic_ablation_rigid_200f/sionna_xml/frame_184_sionna.xml
185,47542,/home/telilab4090/Documents/Gazebo World/my_world/rt_out/experiments/semantic_ablation_rigid_200f/frames/composed_manifests/frame_185/composed_frame_185_manifest.json,/home/telilab4090/Documents/Gazebo World/my_world/rt_out/experiments/semantic_ablation_rigid_200f/sionna_xml/frame_185_sionna.xml
186,47799,/home/telilab4090/Documents/Gazebo World/my_world/rt_out/experiments/semantic_ablation_rigid_200f/frames/composed_manifests/frame_186/composed_frame_186_manifest.json,/home/telilab4090/Documents/Gazebo World/my_world/rt_out/experiments/semantic_ablation_rigid_200f/sionna_xml/frame_186_sionna.xml
187,48056,/home/telilab4090/Documents/Gazebo World/my_world/rt_out/experiments/semantic_ablation_rigid_200f/frames/composed_manifests/frame_187/composed_frame_187_manifest.json,/home/telilab4090/Documents/Gazebo World/my_world/rt_out/experiments/semantic_ablation_rigid_200f/sionna_xml/frame_187_sionna.xml
188,48313,/home/telilab4090/Documents/Gazebo World/my_world/rt_out/experiments/semantic_ablation_rigid_200f/frames/composed_manifests/frame_188/composed_frame_188_manifest.json,/home/telilab4090/Documents/Gazebo World/my_world/rt_out/experiments/semantic_ablation_rigid_200f/sionna_xml/frame_188_sionna.xml
189,48570,/home/telilab4090/Documents/Gazebo World/my_world/rt_out/experiments/semantic_ablation_rigid_200f/frames/composed_manifests/frame_189/composed_frame_189_manifest.json,/home/telilab4090/Documents/Gazebo World/my_world/rt_out/experiments/semantic_ablation_rigid_200f/sionna_xml/frame_189_sionna.xml
190,48827,/home/telilab4090/Documents/Gazebo World/my_world/rt_out/experiments/semantic_ablation_rigid_200f/frames/composed_manifests/frame_190/composed_frame_190_manifest.json,/home/telilab4090/Documents/Gazebo World/my_world/rt_out/experiments/semantic_ablation_rigid_200f/sionna_xml/frame_190_sionna.xml
191,49084,/home/telilab4090/Documents/Gazebo World/my_world/rt_out/experiments/semantic_ablation_rigid_200f/frames/composed_manifests/frame_191/composed_frame_191_manifest.json,/home/telilab4090/Documents/Gazebo World/my_world/rt_out/experiments/semantic_ablation_rigid_200f/sionna_xml/frame_191_sionna.xml
192,49341,/home/telilab4090/Documents/Gazebo World/my_world/rt_out/experiments/semantic_ablation_rigid_200f/frames/composed_manifests/frame_192/composed_frame_192_manifest.json,/home/telilab4090/Documents/Gazebo World/my_world/rt_out/experiments/semantic_ablation_rigid_200f/sionna_xml/frame_192_sionna.xml
193,49598,/home/telilab4090/Documents/Gazebo World/my_world/rt_out/experiments/semantic_ablation_rigid_200f/frames/composed_manifests/frame_193/composed_frame_193_manifest.json,/home/telilab4090/Documents/Gazebo World/my_world/rt_out/experiments/semantic_ablation_rigid_200f/sionna_xml/frame_193_sionna.xml
194,49855,/home/telilab4090/Documents/Gazebo World/my_world/rt_out/experiments/semantic_ablation_rigid_200f/frames/composed_manifests/frame_194/composed_frame_194_manifest.json,/home/telilab4090/Documents/Gazebo World/my_world/rt_out/experiments/semantic_ablation_rigid_200f/sionna_xml/frame_194_sionna.xml
195,50112,/home/telilab4090/Documents/Gazebo World/my_world/rt_out/experiments/semantic_ablation_rigid_200f/frames/composed_manifests/frame_195/composed_frame_195_manifest.json,/home/telilab4090/Documents/Gazebo World/my_world/rt_out/experiments/semantic_ablation_rigid_200f/sionna_xml/frame_195_sionna.xml
196,50369,/home/telilab4090/Documents/Gazebo World/my_world/rt_out/experiments/semantic_ablation_rigid_200f/frames/composed_manifests/frame_196/composed_frame_196_manifest.json,/home/telilab4090/Documents/Gazebo World/my_world/rt_out/experiments/semantic_ablation_rigid_200f/sionna_xml/frame_196_sionna.xml
197,50626,/home/telilab4090/Documents/Gazebo World/my_world/rt_out/experiments/semantic_ablation_rigid_200f/frames/composed_manifests/frame_197/composed_frame_197_manifest.json,/home/telilab4090/Documents/Gazebo World/my_world/rt_out/experiments/semantic_ablation_rigid_200f/sionna_xml/frame_197_sionna.xml
198,50883,/home/telilab4090/Documents/Gazebo World/my_world/rt_out/experiments/semantic_ablation_rigid_200f/frames/composed_manifests/frame_198/composed_frame_198_manifest.json,/home/telilab4090/Documents/Gazebo World/my_world/rt_out/experiments/semantic_ablation_rigid_200f/sionna_xml/frame_198_sionna.xml
199,51140,/home/telilab4090/Documents/Gazebo World/my_world/rt_out/experiments/semantic_ablation_rigid_200f/frames/composed_manifests/frame_199/composed_frame_199_manifest.json,/home/telilab4090/Documents/Gazebo World/my_world/rt_out/experiments/semantic_ablation_rigid_200f/sionna_xml/frame_199_sionna.xml
